{
    "rouge": {
        "rouge1": 0.2751611231348634,
        "rouge2": 0.06473957950327958,
        "rougeL": 0.1530102962308151
    },
    "bertscore": {
        "precision": 0.8416279490590095,
        "recall": 0.833431684434414,
        "f1": 0.8370194349288941
    }
}